sdk:setup|4191
sdk:setup|3993
sdk:setup|4043
sdk:setup|4771
sdk:setup|5857
sdk:setup|5900
sdk:setup|5027
sdk:setup|6148
sdk:setup|6011
sdk:setup|4221
sdk:setup|6448
sdk:setup|5818
sdk:setup|5793
sdk:setup|25827
sdk:setup|5776
sdk:setup|5861
sdk:setup|25933
sdk:setup|4304
sdk:setup|4661
sdk:setup|4627
sdk:setup|26469
sdk:setup|5846
sdk:setup|5776
sdk:setup|6030
sdk:setup|6276
sdk:setup|5795
sdk:setup|4133
sdk:setup|4109
sdk:setup|18199
sdk:setup|5882
sdk:setup|4451
sdk:setup|6056
sdk:setup|4067
sdk:setup|6004
sdk:setup|5844
sdk:setup|5816
sdk:setup|6490
sdk:setup|5946
sdk:setup|7639
sdk:setup|7251
sdk:setup|5780
sdk:setup|4087
sdk:setup|5807
sdk:setup|5859
sdk:setup|5812
sdk:setup|5796
sdk:setup|5786
sdk:setup|5786
sdk:setup|5781
sdk:setup|5800
sdk:setup|3131
sdk:setup|3157
sdk:setup|3105
sdk:setup|3362
sdk:setup|3230
sdk:setup|3778
sdk:setup|3607
sdk:setup|3446
sdk:setup|3614
sdk:setup|3983
sdk:setup|3165
sdk:setup|3084
sdk:setup|3390
sdk:setup|3593
sdk:setup|5872
sdk:setup|5393
sdk:setup|4271
sdk:setup|5956
sdk:setup|4214
sdk:setup|5899
sdk:setup|5864
sdk:setup|15053
sdk:setup|25083
sdk:setup|5830
sdk:setup|5791
sdk:setup|5795
sdk:setup|5837
sdk:setup|5869
sdk:setup|5919
sdk:setup|6611
sdk:setup|5911
sdk:setup|5789
sdk:setup|5856
sdk:setup|5784
sdk:setup|5835
sdk:setup|3926
sdk:setup|5859
sdk:setup|5838
sdk:setup|5820
sdk:setup|5956
sdk:setup|4646
sdk:setup|5983
sdk:setup|5960
sdk:setup|5859
sdk:setup|5919
sdk:setup|5990
sdk:setup|5806
sdk:setup|5830
sdk:setup|5810
sdk:setup|8705
sdk:setup|5951
sdk:setup|6010
sdk:setup|4791
sdk:setup|7809
sdk:setup|4237
sdk:setup|4070
sdk:setup|4205
sdk:setup|6720
sdk:setup|6582
sdk:setup|5867
sdk:setup|6299
sdk:setup|5934
sdk:setup|5807
sdk:setup|5022
sdk:setup|5969
sdk:setup|7390
sdk:setup|6329
sdk:setup|6149
sdk:setup|5905
sdk:setup|6569
sdk:setup|5836
sdk:setup|5860
sdk:setup|6015
sdk:setup|5214
sdk:setup|5803
sdk:setup|5757
sdk:setup|6364
sdk:setup|5806
sdk:setup|5828
sdk:setup|5852
sdk:setup|5975
sdk:setup|5813
sdk:setup|5867
sdk:setup|5807
sdk:setup|5838
sdk:setup|5788
sdk:setup|5891
sdk:setup|25812
sdk:setup|26165
sdk:setup|5801
sdk:setup|5812
sdk:setup|5757
sdk:setup|5733
sdk:setup|25862
sdk:setup|4410
sdk:setup|3892
sdk:setup|5964
sdk:setup|5960
sdk:setup|5947
sdk:setup|6034
sdk:setup|5851
sdk:setup|5773
sdk:setup|6456
sdk:setup|7054
sdk:setup|6106
sdk:setup|4312
sdk:setup|5930
sdk:setup|4138
sdk:setup|3942
sdk:setup|4696
sdk:setup|26054
sdk:setup|17721
sdk:setup|5771
sdk:setup|5796
sdk:setup|4073
sdk:setup|25803
sdk:setup|4713
sdk:setup|5885
sdk:setup|5848
sdk:setup|6663
sdk:setup|5877
sdk:setup|5772
sdk:setup|5765
sdk:setup|6129
sdk:setup|25546
sdk:setup|5837
sdk:setup|6025
sdk:setup|3881
sdk:setup|3251
sdk:setup|3259
sdk:setup|3111
sdk:setup|3131
sdk:setup|3171
sdk:setup|3650
sdk:setup|7735
sdk:setup|3520
sdk:setup|3253
sdk:setup|3283
sdk:setup|3502
sdk:setup|5222
sdk:setup|5821
sdk:setup|7880
sdk:setup|6330
sdk:setup|4669
sdk:setup|5820
sdk:setup|5827
sdk:setup|26008
sdk:setup|5854
sdk:setup|6357
sdk:setup|4896
sdk:setup|5646
sdk:setup|7240
sdk:setup|8845
sdk:setup|5752
sdk:setup|3935
sdk:setup|5943
sdk:setup|3841
sdk:setup|4313
sdk:setup|3891
sdk:setup|4096
sdk:setup|5053
sdk:setup|5798
sdk:setup|5917
sdk:setup|6905
sdk:setup|7765
sdk:setup|5965
sdk:setup|5857
sdk:setup|5818
sdk:setup|5831
sdk:setup|5837
sdk:setup|5861
sdk:setup|6063
sdk:setup|5804
sdk:setup|5911
sdk:setup|5927
sdk:setup|5895
sdk:setup|5790
sdk:setup|5774
sdk:setup|5774
sdk:setup|5752
sdk:setup|5915
sdk:setup|5894
sdk:setup|5871
sdk:setup|5846
sdk:setup|6012
sdk:setup|5826
sdk:setup|5895
sdk:setup|5978
sdk:setup|22620
sdk:setup|5742
sdk:setup|3949
sdk:setup|5755
sdk:setup|5883
sdk:setup|5923
sdk:setup|5802
sdk:setup|5782
sdk:setup|3940
sdk:setup|16584
sdk:setup|5773
sdk:setup|5774
sdk:setup|5758
sdk:setup|5742
sdk:setup|5801
sdk:setup|5935
sdk:setup|5755
sdk:setup|26018
sdk:setup|10039
sdk:setup|18314
sdk:setup|5769
sdk:setup|5755
sdk:setup|5820
sdk:setup|4162
sdk:setup|5895
sdk:setup|5855
sdk:setup|5812
sdk:setup|5883
sdk:setup|5763
sdk:setup|5935
sdk:setup|4085
sdk:setup|4208
sdk:setup|3895
sdk:setup|4487
sdk:setup|4019
sdk:setup|5936
sdk:setup|5881
sdk:setup|5761
sdk:setup|5864
sdk:setup|6115
sdk:setup|5868
sdk:setup|5908
sdk:setup|5945
sdk:setup|3989
sdk:setup|26070
sdk:setup|5815
sdk:setup|17976
sdk:setup|6273
sdk:setup|5983
sdk:setup|18558
sdk:setup|5791
sdk:setup|5800
sdk:setup|18701
sdk:setup|5824
sdk:setup|5803
sdk:setup|5786
sdk:setup|5791
sdk:setup|7245
sdk:setup|5833
sdk:setup|5871
sdk:setup|4447
sdk:setup|5972
sdk:setup|23060
sdk:setup|5833
sdk:setup|6029
sdk:setup|4211
sdk:setup|5994
sdk:setup|5898
sdk:setup|12189
sdk:setup|23500
sdk:setup|5298
sdk:setup|4299
sdk:setup|5827
sdk:setup|4605
sdk:setup|5903
sdk:setup|5861
sdk:setup|25936
sdk:setup|16008
sdk:setup|4054
sdk:setup|4293
sdk:setup|5779
sdk:setup|5922
sdk:setup|5824
sdk:setup|5869
sdk:setup|4448
sdk:setup|4694
sdk:setup|5847
sdk:setup|3994
sdk:setup|5855
sdk:setup|7601
sdk:setup|5795
sdk:setup|4190
sdk:setup|5811
sdk:setup|18649
sdk:setup|5759
sdk:setup|5761
sdk:setup|5792
sdk:setup|5763
sdk:setup|23774
sdk:setup|25860
sdk:setup|5804
